"id","name","title","version","url","author","author_email","maintainer","maintainer_email","notes","license_id","state","revision_id","license","tags","groups","ratings_average","ratings_count","resources","relationships","metadata_modified","metadata_created","notes_rendered","geographic_coverage","date_released","openness_score","temporal_coverage-from","temporal_granularity","date_updated","published_via","mandate","precision","geographic_granularity","published_by","taxonomy_url","openness_score_last_checked","temporal_coverage-to","date_update_future","update_frequency","national_statistic","external_reference","agency","department","categories","resource-0-url","resource-0-format","resource-0-description","bbox-east-long","resource-type","bbox-north-lat","spatial-data-service-type","guid","bbox-south-lat","spatial-reference-system","spatial","access_constraints","contact-email","bbox-west-long","metadata-date","dataset-reference-date","frequency-of-update","licence","harvest_object_id","responsible-party","INSPIRE","coupled-resource","metadata-language","temporal_coverage_to","import_source","geographical_granularity","temporal_coverage_from","resource-1-url","resource-1-format","resource-1-description","licence_url","series","resource-2-url","resource-2-format","resource-2-description","resource-3-url","resource-3-format","resource-3-description","resource-4-url","resource-4-format","resource-4-description","resource-5-url","resource-5-format","resource-5-description","resource-6-url","resource-6-format","resource-6-description","resource-7-url","resource-7-format","resource-7-description","resource-8-url","resource-8-format","resource-8-description","resource-9-url","resource-9-format","resource-9-description","resource-10-url","resource-10-format","resource-10-description","resource-11-url","resource-11-format","resource-11-description","resource-12-url","resource-12-format","resource-12-description","resource-13-url","resource-13-format","resource-13-description","resource-14-url","resource-14-format","resource-14-description","resource-15-url","resource-15-format","resource-15-description","resource-16-url","resource-16-format","resource-16-description","resource-17-url","resource-17-format","resource-17-description","resource-18-url","resource-18-format","resource-18-description","resource-19-url","resource-19-format","resource-19-description","resource-20-url","resource-20-format","resource-20-description","resource-21-url","resource-21-format","resource-21-description","resource-22-url","resource-22-format","resource-22-description","resource-23-url","resource-23-format","resource-23-description","resource-24-url","resource-24-format","resource-24-description","resource-25-url","resource-25-format","resource-25-description","resource-26-url","resource-26-format","resource-26-description","resource-27-url","resource-27-format","resource-27-description","resource-28-url","resource-28-format","resource-28-description","resource-29-url","resource-29-format","resource-29-description","resource-30-url","resource-30-format","resource-30-description","resource-31-url","resource-31-format","resource-31-description","resource-32-url","resource-32-format","resource-32-description","resource-33-url","resource-33-format","resource-33-description","resource-34-url","resource-34-format","resource-34-description","resource-35-url","resource-35-format","resource-35-description","resource-36-url","resource-36-format","resource-36-description","resource-37-url","resource-37-format","resource-37-description","resource-38-url","resource-38-format","resource-38-description","resource-39-url","resource-39-format","resource-39-description","resource-40-url","resource-40-format","resource-40-description","resource-41-url","resource-41-format","resource-41-description","resource-42-url","resource-42-format","resource-42-description","resource-43-url","resource-43-format","resource-43-description","resource-44-url","resource-44-format","resource-44-description","resource-45-url","resource-45-format","resource-45-description","resource-46-url","resource-46-format","resource-46-description","resource-47-url","resource-47-format","resource-47-description","resource-48-url","resource-48-format","resource-48-description","resource-49-url","resource-49-format","resource-49-description","resource-50-url","resource-50-format","resource-50-description","resource-51-url","resource-51-format","resource-51-description","resource-52-url","resource-52-format","resource-52-description","resource-53-url","resource-53-format","resource-53-description","resource-54-url","resource-54-format","resource-54-description","resource-55-url","resource-55-format","resource-55-description","resource-56-url","resource-56-format","resource-56-description","resource-57-url","resource-57-format","resource-57-description","resource-58-url","resource-58-format","resource-58-description","resource-59-url","resource-59-format","resource-59-description","resource-60-url","resource-60-format","resource-60-description","resource-61-url","resource-61-format","resource-61-description","resource-62-url","resource-62-format","resource-62-description","resource-63-url","resource-63-format","resource-63-description","resource-64-url","resource-64-format","resource-64-description","resource-65-url","resource-65-format","resource-65-description","resource-66-url","resource-66-format","resource-66-description","resource-67-url","resource-67-format","resource-67-description","resource-68-url","resource-68-format","resource-68-description","resource-69-url","resource-69-format","resource-69-description","resource-70-url","resource-70-format","resource-70-description","resource-71-url","resource-71-format","resource-71-description","resource-72-url","resource-72-format","resource-72-description","resource-73-url","resource-73-format","resource-73-description","resource-74-url","resource-74-format","resource-74-description","resource-75-url","resource-75-format","resource-75-description","resource-76-url","resource-76-format","resource-76-description","resource-77-url","resource-77-format","resource-77-description","resource-78-url","resource-78-format","resource-78-description","resource-79-url","resource-79-format","resource-79-description","resource-80-url","resource-80-format","resource-80-description","resource-81-url","resource-81-format","resource-81-description","resource-82-url","resource-82-format","resource-82-description","resource-83-url","resource-83-format","resource-83-description","resource-84-url","resource-84-format","resource-84-description","resource-85-url","resource-85-format","resource-85-description","resource-86-url","resource-86-format","resource-86-description","resource-87-url","resource-87-format","resource-87-description","resource-88-url","resource-88-format","resource-88-description","resource-89-url","resource-89-format","resource-89-description","resource-90-url","resource-90-format","resource-90-description","resource-91-url","resource-91-format","resource-91-description","resource-92-url","resource-92-format","resource-92-description","resource-93-url","resource-93-format","resource-93-description","resource-94-url","resource-94-format","resource-94-description","resource-95-url","resource-95-format","resource-95-description","resource-96-url","resource-96-format","resource-96-description","resource-97-url","resource-97-format","resource-97-description","resource-98-url","resource-98-format","resource-98-description","resource-99-url","resource-99-format","resource-99-description","resource-100-url","resource-100-format","resource-100-description","resource-101-url","resource-101-format","resource-101-description","resource-102-url","resource-102-format","resource-102-description","resource-103-url","resource-103-format","resource-103-description","resource-104-url","resource-104-format","resource-104-description","resource-105-url","resource-105-format","resource-105-description","resource-106-url","resource-106-format","resource-106-description","resource-107-url","resource-107-format","resource-107-description","resource-108-url","resource-108-format","resource-108-description","resource-109-url","resource-109-format","resource-109-description","resource-110-url","resource-110-format","resource-110-description","resource-111-url","resource-111-format","resource-111-description","resource-112-url","resource-112-format","resource-112-description","resource-113-url","resource-113-format","resource-113-description","resource-114-url","resource-114-format","resource-114-description","resource-115-url","resource-115-format","resource-115-description","resource-116-url","resource-116-format","resource-116-description","resource-117-url","resource-117-format","resource-117-description","resource-118-url","resource-118-format","resource-118-description","resource-119-url","resource-119-format","resource-119-description","resource-120-url","resource-120-format","resource-120-description","resource-121-url","resource-121-format","resource-121-description","resource-122-url","resource-122-format","resource-122-description","resource-123-url","resource-123-format","resource-123-description","resource-124-url","resource-124-format","resource-124-description","resource-125-url","resource-125-format","resource-125-description","resource-126-url","resource-126-format","resource-126-description","resource-127-url","resource-127-format","resource-127-description","resource-128-url","resource-128-format","resource-128-description","resource-129-url","resource-129-format","resource-129-description","resource-130-url","resource-130-format","resource-130-description","resource-131-url","resource-131-format","resource-131-description","resource-132-url","resource-132-format","resource-132-description","resource-133-url","resource-133-format","resource-133-description","update_frequency ","temporal_coverage_to ","date_released ","temporal_coverage_from ","resource-134-url","resource-134-format","resource-134-description","resource-135-url","resource-135-format","resource-135-description","resource-136-url","resource-136-format","resource-136-description","resource-137-url","resource-137-format","resource-137-description","resource-138-url","resource-138-format","resource-138-description","resource-139-url","resource-139-format","resource-139-description","resource-140-url","resource-140-format","resource-140-description","resource-141-url","resource-141-format","resource-141-description","resource-142-url","resource-142-format","resource-142-description","resource-143-url","resource-143-format","resource-143-description","resource-144-url","resource-144-format","resource-144-description","resource-145-url","resource-145-format","resource-145-description","resource-146-url","resource-146-format","resource-146-description","resource-147-url","resource-147-format","resource-147-description","resource-148-url","resource-148-format","resource-148-description","resource-149-url","resource-149-format","resource-149-description","resource-150-url","resource-150-format","resource-150-description","resource-151-url","resource-151-format","resource-151-description","resource-152-url","resource-152-format","resource-152-description","resource-153-url","resource-153-format","resource-153-description","resource-154-url","resource-154-format","resource-154-description","resource-155-url","resource-155-format","resource-155-description","resource-156-url","resource-156-format","resource-156-description","resource-157-url","resource-157-format","resource-157-description","resource-158-url","resource-158-format","resource-158-description","resource-159-url","resource-159-format","resource-159-description","resource-160-url","resource-160-format","resource-160-description","resource-161-url","resource-161-format","resource-161-description","resource-162-url","resource-162-format","resource-162-description","resource-163-url","resource-163-format","resource-163-description","resource-164-url","resource-164-format","resource-164-description","resource-165-url","resource-165-format","resource-165-description","resource-166-url","resource-166-format","resource-166-description","resource-167-url","resource-167-format","resource-167-description"
"a895f8de-8375-440c-92fa-579d9570aea2","__",".error.","","http://nww.pat.nhs.uk/PortalVBVS/Default.aspx?tabindex=1&tabid=1213","","","","",".error.","uk-ogl","deleted","39ac6494-72f4-44ed-a534-d6b5f1a2a943","OKD Compliant::UK Open Government Licence (OGL)","","","",0,"","","2011-06-06T13:28:33.898023","2010-02-09T16:02:41.411769","<p>.error.
</p>","111111: Overseas, Global, United Kingdom (England, Scotland, Wales, Northern Ireland)","2011-03-04","0","","month","2011-03-04","","",".","national","The Pennine Acute Hospitals NHS Trust [16410]","http://nww.pat.nhs.uk/PortalVBVS/Default.aspx?tabindex=1&tabid=1213","2011-06-06T13:28:35.267861","","2011-03-04","never","no","","","","","","","","","","","","","","","","","","","","","","","","","","","","","","","","","","","","","","","","","","","","","","","","","","","","","","","","","","","","","","","","","","","","","","","","","","","","","","","","","","","","","","","","","","","","","","","","","","","","","","","","","","","","","","","","","","","","","","","","","","","","","","","","","","","","","","","","","","","","","","","","","","","","","","","","","","","","","","","","","","","","","","","","","","","","","","","","","","","","","","","","","","","","","","","","","","","","","","","","","","","","","","","","","","","","","","","","","","","","","","","","","","","","","","","","","","","","","","","","","","","","","","","","","","","","","","","","","","","","","","","","","","","","","","","","","","","","","","","","","","","","","","","","","","","","","","","","","","","","","","","","","","","","","","","","","","","","","","","","","","","","","","","","","","","","","","","","","","","","","","","","","","","","","","","","","","","","","","","","","","","","","","","","","","","","","","","","","","","","","","","","","","","","","","","","","","","","","","","","","","","","","","","","","","","","","","","","","","","","","","","","","","","","","","","","","","","","","","","","","","","","","","","","","","","","","","","","","","","","","","","","","","","","","","","","","","","","","","","","","","","","","","","","","","","","","","","","","","","","","","","","","","","","","","","","","","","","","","","","","","","","","","","","","","","","","","","","","",""
"d895cd68-8f9a-455d-b418-8bb5131169ae","01-2010-11","Spend over £25k in UCLH NHS Foundation Trust","","","","","","","A monthly - updated list of all financial transactions spending over £25,000 made by UCLH NHS Foundation Trust, as part of the government's commitment to transparency in expenditure.","","deleted","d56a0e6e-11e0-4074-ac67-912a79ba9cd6","","","","",0,"","","2011-06-06T13:28:33.898023","2010-02-09T16:02:41.411769","<p>A monthly - updated list of all financial transactions spending over £25,000 made by UCLH NHS Foundation Trust, as part of the government's commitment to transparency in expenditure.
</p>","100000: England","2010-10-29","0","","months","","","","","","","","2011-06-06T13:28:35.281611","","","","no","","","","","","","","","","","","","","","","","","","","","","","","","","","","","","","","","","","","","","","","","","","","","","","","","","","","","","","","","","","","","","","","","","","","","","","","","","","","","","","","","","","","","","","","","","","","","","","","","","","","","","","","","","","","","","","","","","","","","","","","","","","","","","","","","","","","","","","","","","","","","","","","","","","","","","","","","","","","","","","","","","","","","","","","","","","","","","","","","","","","","","","","","","","","","","","","","","","","","","","","","","","","","","","","","","","","","","","","","","","","","","","","","","","","","","","","","","","","","","","","","","","","","","","","","","","","","","","","","","","","","","","","","","","","","","","","","","","","","","","","","","","","","","","","","","","","","","","","","","","","","","","","","","","","","","","","","","","","","","","","","","","","","","","","","","","","","","","","","","","","","","","","","","","","","","","","","","","","","","","","","","","","","","","","","","","","","","","","","","","","","","","","","","","","","","","","","","","","","","","","","","","","","","","","","","","","","","","","","","","","","","","","","","","","","","","","","","","","","","","","","","","","","","","","","","","","","","","","","","","","","","","","","","","","","","","","","","","","","","","","","","","","","","","","","","","","","","","","","","","","","","","","","","","","","","","","","","","","","","","","","","","","","","","","","","","","","","","","","",""
"39379dcc-960d-45cb-86e9-93cc9cab8899","06_2011","NHS North Staffordshire June 2011 spend over £25,000","","http://www.northstaffordshire.nhs.uk/about-us/our-performance/spend-over-25000/","FOI Officer","enquiries@northstaffordshire.nhs.uk ","","","NHS North Staffordshire analysis of spend over £25,000","uk-ogl","active","04e2f5d2-8790-4bac-b3dd-0de944c14414","OKD Compliant::UK Open Government Licence (OGL)","","","",0,"[{'mimetype': None, 'resource_group_id': u'ba2d9724-49b5-41a6-b32c-3c64c3eae0f3', 'hash': u'', 'description': u'spend over \xa325,000', 'format': u'HTML', 'url': u'http://www.northstaffordshire.nhs.uk/about-us/our-performance/spend-over-25000/', 'cache_url': None, 'webstore_url': None, 'cache_last_updated': None, 'package_id': u'39379dcc-960d-45cb-86e9-93cc9cab8899', 'mimetype_inner': None, 'webstore_last_updated': None, 'last_modified': None, 'position': 0, 'size': None, 'id': u'd84c888c-5484-4493-97cc-da71a96b15ae', 'resource_type': None, 'name': None}]","","2011-10-05T13:38:37.348727","2010-02-09T16:02:41.411769","<p>NHS North Staffordshire analysis of spend over £25,000
</p>","000000: ","2011-07-21","","","month","2011-07-21","","","two decimal places","regional","NHS North Staffordshire [16305]","","","","2011-07-21","monthly","","","","","","http://www.northstaffordshire.nhs.uk/about-us/our-performance/spend-over-25000/","HTML","spend over £25,000","","","","","","","","","","","","","","","","","","","","","","","","","","","","","","","","","","","","","","","","","","","","","","","","","","","","","","","","","","","","","","","","","","","","","","","","","","","","","","","","","","","","","","","","","","","","","","","","","","","","","","","","","","","","","","","","","","","","","","","","","","","","","","","","","","","","","","","","","","","","","","","","","","","","","","","","","","","","","","","","","","","","","","","","","","","","","","","","","","","","","","","","","","","","","","","","","","","","","","","","","","","","","","","","","","","","","","","","","","","","","","","","","","","","","","","","","","","","","","","","","","","","","","","","","","","","","","","","","","","","","","","","","","","","","","","","","","","","","","","","","","","","","","","","","","","","","","","","","","","","","","","","","","","","","","","","","","","","","","","","","","","","","","","","","","","","","","","","","","","","","","","","","","","","","","","","","","","","","","","","","","","","","","","","","","","","","","","","","","","","","","","","","","","","","","","","","","","","","","","","","","","","","","","","","","","","","","","","","","","","","","","","","","","","","","","","","","","","","","","","","","","","","","","","","","","","","","","","","","","","","","","","","","","","","","","","","","","","","","","","","","","","","","","","","","","","","","","","","","","","","","","","","","","","","","","","","","","","","","","","","","","","","","","","","","",""
"933f3857-79fd-4beb-a835-c0349e31ce76","07_2011","Spend over £25,000 July 2011","","http://www.northstaffordshire.nhs.uk/about-us/our-performance/spend-over-25000/","FOI Officer","enquiries@northstaffordshire.nhs.uk","","","NHS North Staffordshire analysis of spend over £25,000 - July 2011 ","uk-ogl","active","8f21c8cc-78fc-4eac-8966-cd457ac378ba","OKD Compliant::UK Open Government Licence (OGL)","","","",0,"[{'mimetype': None, 'resource_group_id': u'1a38de05-1931-4983-ad82-6f00ec2661d2', 'hash': u'', 'description': u'spend over \xa325,000', 'format': u'HTML', 'url': u'http://www.northstaffordshire.nhs.uk/about-us/our-performance/spend-over-25000/', 'cache_url': None, 'webstore_url': None, 'cache_last_updated': None, 'package_id': u'933f3857-79fd-4beb-a835-c0349e31ce76', 'mimetype_inner': None, 'webstore_last_updated': None, 'last_modified': None, 'position': 0, 'size': None, 'id': u'40c196fa-76b0-495a-979e-cf488a843919', 'resource_type': None, 'name': None}]","","2011-10-05T13:41:53.984315","2010-02-09T16:02:41.411769","<p>NHS North Staffordshire analysis of spend over £25,000 - July 2011 
</p>","000000: ","2011-08-21","","2011-07-01","","2011-08-21","","","two decimla places","regional","NHS North Staffordshire [16305]","","","2011-07-31","2011-08-21","monthly","","","","","","http://www.northstaffordshire.nhs.uk/about-us/our-performance/spend-over-25000/","HTML","spend over £25,000","","","","","","","","","","","","","","","","","","","","","","","","","","","","","","","","","","","","","","","","","","","","","","","","","","","","","","","","","","","","","","","","","","","","","","","","","","","","","","","","","","","","","","","","","","","","","","","","","","","","","","","","","","","","","","","","","","","","","","","","","","","","","","","","","","","","","","","","","","","","","","","","","","","","","","","","","","","","","","","","","","","","","","","","","","","","","","","","","","","","","","","","","","","","","","","","","","","","","","","","","","","","","","","","","","","","","","","","","","","","","","","","","","","","","","","","","","","","","","","","","","","","","","","","","","","","","","","","","","","","","","","","","","","","","","","","","","","","","","","","","","","","","","","","","","","","","","","","","","","","","","","","","","","","","","","","","","","","","","","","","","","","","","","","","","","","","","","","","","","","","","","","","","","","","","","","","","","","","","","","","","","","","","","","","","","","","","","","","","","","","","","","","","","","","","","","","","","","","","","","","","","","","","","","","","","","","","","","","","","","","","","","","","","","","","","","","","","","","","","","","","","","","","","","","","","","","","","","","","","","","","","","","","","","","","","","","","","","","","","","","","","","","","","","","","","","","","","","","","","","","","","","","","","","","","","","","","","","","","","","","","","","","","","","","","",""
"9e031616-d8fd-4e77-9e68-2dc104193e56","08_2011","August 2011 spend over £25,000","","http://www.northstaffordshire.nhs.uk/about-us/our-performance/spend-over-25000/","FOI Officer","enquiries@northstaffordshire.nhs.uk","","","NHS North Staffordshire spend over £25,000 August 2011","uk-ogl","active","f5b6d5cb-26f4-4eeb-8148-3ce630f4be9e","OKD Compliant::UK Open Government Licence (OGL)","","","",0,"[{'mimetype': None, 'resource_group_id': u'0b044433-d4d0-48de-a2a7-5f7164abc51a', 'hash': u'', 'description': u'spend over \xa325,000', 'format': u'HTML', 'url': u'http://www.northstaffordshire.nhs.uk/about-us/our-performance/spend-over-25000/', 'cache_url': None, 'webstore_url': None, 'cache_last_updated': None, 'package_id': u'9e031616-d8fd-4e77-9e68-2dc104193e56', 'mimetype_inner': None, 'webstore_last_updated': None, 'last_modified': None, 'position': 0, 'size': None, 'id': u'865c59e7-c31b-4d57-a479-7669baf07df3', 'resource_type': None, 'name': None}]","","2011-10-05T13:45:26.590049","2010-02-09T16:02:41.411769","<p>NHS North Staffordshire spend over £25,000 August 2011
</p>","000000: ","2011-09-21","","2011-08-01","month","2011-09-21","","","two decimal places","regional","NHS North Staffordshire [16305]","","","2011-08-31","2011-09-21","monthly","","","","","","http://www.northstaffordshire.nhs.uk/about-us/our-performance/spend-over-25000/","HTML","spend over £25,000","","","","","","","","","","","","","","","","","","","","","","","","","","","","","","","","","","","","","","","","","","","","","","","","","","","","","","","","","","","","","","","","","","","","","","","","","","","","","","","","","","","","","","","","","","","","","","","","","","","","","","","","","","","","","","","","","","","","","","","","","","","","","","","","","","","","","","","","","","","","","","","","","","","","","","","","","","","","","","","","","","","","","","","","","","","","","","","","","","","","","","","","","","","","","","","","","","","","","","","","","","","","","","","","","","","","","","","","","","","","","","","","","","","","","","","","","","","","","","","","","","","","","","","","","","","","","","","","","","","","","","","","","","","","","","","","","","","","","","","","","","","","","","","","","","","","","","","","","","","","","","","","","","","","","","","","","","","","","","","","","","","","","","","","","","","","","","","","","","","","","","","","","","","","","","","","","","","","","","","","","","","","","","","","","","","","","","","","","","","","","","","","","","","","","","","","","","","","","","","","","","","","","","","","","","","","","","","","","","","","","","","","","","","","","","","","","","","","","","","","","","","","","","","","","","","","","","","","","","","","","","","","","","","","","","","","","","","","","","","","","","","","","","","","","","","","","","","","","","","","","","","","","","","","","","","","","","","","","","","","","","","","","","","","","","",""
"f41e9a4a-090e-4567-951b-062086a8980c","10k-sheet-data-files","10k Sheet Data Files.","","","","","","","An important archive of a wide variety of miscellaneous geological information organised on the basis of its location within 1:10k geological map sheet areas in Great Britain. The majority of the data has been produced or collected from a wide variety of sources by BGS staff since 1835. Mainly acquired as part of the mapping programme new information is added on a regular basis. The data may not fit into any of the main collections, but is valuable for future projects and answering enquiries.","","active","15ab725a-16c3-4d1b-8aec-58eda5cfc5e9","","Boreholes Coal Geology Maps Mine shafts Mining NERC_DDC Resource assessment Water","","",0,"","","2012-03-29T15:01:21.471067","2010-02-09T16:02:41.411769","<p>An important archive of a wide variety of miscellaneous geological information organised on the basis of its location within 1:10k geological map sheet areas in Great Britain. The majority of the data has been produced or collected from a wide variety of sources by BGS staff since 1835. Mainly acquired as part of the mapping programme new information is added on a regular basis. The data may not fit into any of the main collections, but is valuable for future projects and answering enquiries.
</p>","","","","[""1835""]","","","","","","",15004,"","","[]","","","","","","","","","","","1.7800","dataset","60.8600","","9df8df51-6346-37a8-e044-0003ba9b0d98","49.7700","BNG map sheet or quadrant number []","{""type"":""Polygon"",""coordinates"":[[[1.7800, 49.7700],[1.7800, 60.8600], [-8.6500, 60.8600], [-8.6500, 49.7700], [1.7800, 49.7700]]]}","[""Although most of the data can be made available to the public it should be recognised that it has not been checked or validated in any way. Copyright or commercial restrictions may apply.""]","enquiries@bgs.ac.uk","-8.6500","2012-03-26","[{""type"": ""publication"", ""value"": ""1800""}]","asNeeded","[]","2b0d31c6-39f9-4b63-a5da-2388f2cf31af","British Geological Survey (distributor)","True","[]","eng","","","","","","","","","","","","","","","","","","","","","","","","","","","","","","","","","","","","","","","","","","","","","","","","","","","","","","","","","","","","","","","","","","","","","","","","","","","","","","","","","","","","","","","","","","","","","","","","","","","","","","","","","","","","","","","","","","","","","","","","","","","","","","","","","","","","","","","","","","","","","","","","","","","","","","","","","","","","","","","","","","","","","","","","","","","","","","","","","","","","","","","","","","","","","","","","","","","","","","","","","","","","","","","","","","","","","","","","","","","","","","","","","","","","","","","","","","","","","","","","","","","","","","","","","","","","","","","","","","","","","","","","","","","","","","","","","","","","","","","","","","","","","","","","","","","","","","","","","","","","","","","","","","","","","","","","","","","","","","","","","","","","","","","","","","","","","","","","","","","","","","","","","","","","","","","","","","","","","","","","","","","","","","","","","","","","","","","","","","","","","","","","","","","","","","","","","","","","","","","","","","","","","","","","","","","","","","","","","","","","","","","","","","","","","","","","","","","","","","","","","","","","","","","","","","","","","","","","","","","","","","","","","","","","","","","","","","","","","","","","","","","","","","","","","","","","","","","","","","","","","","","","","","","","","","",""
"1febe57b-1736-4edc-aee1-1c2937f75892","1-1-5m-scale-geology-through-climate-change-map-covering-uk-mainland-northern-ireland-and-eire","1:1.5M scale 'Geology Through Climate Change' Map Covering UK mainland, Northern Ireland and Eire.","","","","","","","1:1.5M scale 'Geology Through Climate Change' map covering UK mainland, Northern Ireland and Eire. This poster map shows the rocks of Britain and Ireland in a new way, grouped and coloured according to the environment under which they were formed. Photographs illustrate modern-day environments, alongside images of the typical rock types which are formed in them. The ages of the rocks are shown in a timeline, which also shows global temperatures and sea levels changing through time. The changing positions of Britain and Ireland as they drifted northwards through geological time are illustrated too. It was jointly produced by the BGS, the Geological Survey of Northern Ireland and the Geological Survey of Ireland. It has been endorsed by a range of teaching organisations including WJEC, OCR, The Association of Teaching Organisations of Ireland and the Earth Science Teachers Association. Although primarily intended as a teaching resource, the poster map will be of interest to anyone seeking to understand the imprint geological time has left in the rocks of our islands. This poster map is free, all you pay is the postage and packing.","","active","37dfbc09-9d70-4839-86a0-7e33cde8299a","","Climate change Geological mapping Geology NERC_DDC","","",0,"[{'mimetype': None, 'resource_group_id': u'fb1c8ecf-df7d-4174-ab33-2040fb53e96a', 'hash': u'', 'description': u""1:1.5M scale 'geology through climate change' map covering UK mainland, Northern Ireland and Eire"", 'format': u'Unverified', 'url': u'http://www.bgs.ac.uk/downloads/start.cfm?id=1252', u'resource_locator_protocol': u'', 'cache_url': None, 'webstore_url': None, 'cache_last_updated': None, 'package_id': u'1febe57b-1736-4edc-aee1-1c2937f75892', 'mimetype_inner': None, 'webstore_last_updated': None, 'last_modified': None, u'resource_locator_function': u'download', 'position': 0, 'size': None, 'id': u'642c828d-bdfc-4696-8bf6-7395af9f5be2', 'resource_type': None, 'name': u'Climate through time poster'}]","","2012-03-29T15:01:18.501277","2010-02-09T16:02:41.411769","<p>1:1.5M scale 'Geology Through Climate Change' map covering UK mainland, Northern Ireland and Eire. This poster map shows the rocks of Britain and Ireland in a new way, grouped and coloured according to the environment under which they were formed. Photographs illustrate modern-day environments, alongside images of the typical rock types which are formed in them. The ages of the rocks are shown in a timeline, which also shows global temperatures and sea levels changing through time. The changing positions of Britain and Ireland as they drifted northwards through geological time are illustrated too. It was jointly produced by the BGS, the Geological Survey of Northern Ireland and the Geological Survey of Ireland. It has been endorsed by a range of teaching organisations including WJEC, OCR, The Association of Teaching Organisations of Ireland and the Earth Science Teachers Association. Although primarily intended as a teaching resource, the poster map will be of interest to anyone seeking to understand the imprint geological time has left in the rocks of our islands. This poster map is free, all you pay is the postage and packing.
</p>","","","","[]","","","","","","",15004,"","","[""2008""]","","","","","","","","http://www.bgs.ac.uk/downloads/start.cfm?id=1252","Unverified","1:1.5M scale 'geology through climate change' map covering UK mainland, Northern Ireland and Eire","180.0000","dataset","90.0000","","9df8df53-2a24-37a8-e044-0003ba9b0d98","-90.0000","urn:ogc:def:crs:EPSG::4326","{""type"":""Polygon"",""coordinates"":[[[180.0000, -90.0000],[180.0000, 90.0000], [-180.0000, 90.0000], [-180.0000, -90.0000], [180.0000, -90.0000]]]}","[""copyright: The dataset is made freely available for access, e.g. via the Internet. Either no third party data / information is contained in the dataset or BGS has secured written permission from the owner(s) of any third party data / information contained in the dataset to make the dataset freely accessible."", ""The poster is copyright of NERC, copyright of Geological Survey of Ireland and copyright of Geological Survey of Northern Ireland.""]","enquiries@bgs.ac.uk","-180.0000","2012-03-26","[{""type"": ""publication"", ""value"": ""2008""}]","asNeeded","[]","e63baede-037f-4610-abd9-766241931779","British Geological Survey (distributor)","True","[]","eng","","","","","","","","","","","","","","","","","","","","","","","","","","","","","","","","","","","","","","","","","","","","","","","","","","","","","","","","","","","","","","","","","","","","","","","","","","","","","","","","","","","","","","","","","","","","","","","","","","","","","","","","","","","","","","","","","","","","","","","","","","","","","","","","","","","","","","","","","","","","","","","","","","","","","","","","","","","","","","","","","","","","","","","","","","","","","","","","","","","","","","","","","","","","","","","","","","","","","","","","","","","","","","","","","","","","","","","","","","","","","","","","","","","","","","","","","","","","","","","","","","","","","","","","","","","","","","","","","","","","","","","","","","","","","","","","","","","","","","","","","","","","","","","","","","","","","","","","","","","","","","","","","","","","","","","","","","","","","","","","","","","","","","","","","","","","","","","","","","","","","","","","","","","","","","","","","","","","","","","","","","","","","","","","","","","","","","","","","","","","","","","","","","","","","","","","","","","","","","","","","","","","","","","","","","","","","","","","","","","","","","","","","","","","","","","","","","","","","","","","","","","","","","","","","","","","","","","","","","","","","","","","","","","","","","","","","","","","","","","","","","","","","","","","","","","","","","","","","","","","","","","","","","","","","","",""
"5052d113-c4bd-4e4e-bd27-4d0204225029","1-1m-scale-offshore-quaternary-map","1:1M scale Offshore Quaternary Map","","","","","","","This is a digital version of the paper based 1:1M scale Offshore Quaternary map, North and South sheets. Customers should be aware that, given the age of the paper based maps, the digital version is not quality assured and BGS can accept no liability for the information held on the digital map. In addition, published 1:250,000 Quaternary maps are available. These contain more detailed subdivision of the Quaternary succession. The original paper based map covers the UK Continental shelf. The paper map is symbolised using lithology and chronology. The lithological boundaries were compiled from the data published in the BGS 1:250,000 Quaternary Geology map series and from revised interpretation of core and borehole data. Core and borehole sites are commonly 5 to 20 km apart, thus the lithological divisions are generalised. The formations and sequences identified by BGS have been grouped into Quaternary age ranges. The geological codes assigned to the digital version of the map have been compiled using the key information held on the paper map. The LEX-ROCK style codes combine the lithology and chronology and have been subject to the standard BGS approval process.","","active","981566e4-6430-4bf6-baea-325176d4213b","","Marine geology NERC_DDC","","",0,"[{'mimetype': None, 'resource_group_id': u'ee23feed-79fd-4929-9141-fb8efb58e80e', 'hash': u'', 'description': u'Resource locator', 'format': u'Unverified', 'url': u'http://www.bgs.ac.uk/', u'resource_locator_protocol': u'', 'cache_url': None, 'webstore_url': None, 'cache_last_updated': None, 'package_id': u'5052d113-c4bd-4e4e-bd27-4d0204225029', 'mimetype_inner': None, 'webstore_last_updated': None, 'last_modified': None, u'resource_locator_function': u'information', 'position': 0, 'size': None, 'id': u'4eb7e5fa-21e2-4829-ba8e-6f372035df90', 'resource_type': None, 'name': u'BGS Homepage'}]","","2012-03-29T15:15:32.524763","2010-02-09T16:02:41.411769","<p>This is a digital version of the paper based 1:1M scale Offshore Quaternary map, North and South sheets. Customers should be aware that, given the age of the paper based maps, the digital version is not quality assured and BGS can accept no liability for the information held on the digital map. In addition, published 1:250,000 Quaternary maps are available. These contain more detailed subdivision of the Quaternary succession. The original paper based map covers the UK Continental shelf. The paper map is symbolised using lithology and chronology. The lithological boundaries were compiled from the data published in the BGS 1:250,000 Quaternary Geology map series and from revised interpretation of core and borehole data. Core and borehole sites are commonly 5 to 20 km apart, thus the lithological divisions are generalised. The formations and sequences identified by BGS have been grouped into Quaternary age ranges. The geological codes assigned to the digital version of the map have been compiled using the key information held on the paper map. The LEX-ROCK style codes combine the lithology and chronology and have been subject to the standard BGS approval process.
</p>","","","","[]","","","","","","",15004,"","","[]","","","","","","","","http://www.bgs.ac.uk/","Unverified","Resource locator","3.6349","dataset","61.4661","","9df8df52-d6cc-37a8-e044-0003ba9b0d98","49.7662","urn:ogc:def:crs:EPSG::27700","{""type"":""Polygon"",""coordinates"":[[[3.6349, 49.7662],[3.6349, 61.4661], [-7.5564, 61.4661], [-7.5564, 49.7662], [3.6349, 49.7662]]]}","[""license: Either : (i) the dataset has not been formally approved by BGS for access and use by external clients under license; and / or (ii) the dataset contains 3rd party data or information obtained by BGS under terms and conditions that must be consulted before the dataset can be provided to, or accessed by, BGS staff or external clients. Refer to the BGS staff member responsible for the creation of the dataset if further advice is required. He / she should be familiar with the composition of the dataset, particularly with regard to 3rd party IPR contained in it, and any resultant access restrictions. This staff member should revert to the IPR Section (IPR@bgs.ac.uk) for advice, should the position not be clear."", ""The usual BGS licensing terms and conditions apply to external use of the data. Data licence required.""]","enquiries@bgs.ac.uk","-7.5564","2012-03-26","[{""type"": ""publication"", ""value"": ""2008-12-22""}]","notApplicable","[]","03bfd4e1-bd10-40e9-9332-6914c0ceab79","British Geological Survey (distributor)","True","[]","eng","","","","","","","","","","","","","","","","","","","","","","","","","","","","","","","","","","","","","","","","","","","","","","","","","","","","","","","","","","","","","","","","","","","","","","","","","","","","","","","","","","","","","","","","","","","","","","","","","","","","","","","","","","","","","","","","","","","","","","","","","","","","","","","","","","","","","","","","","","","","","","","","","","","","","","","","","","","","","","","","","","","","","","","","","","","","","","","","","","","","","","","","","","","","","","","","","","","","","","","","","","","","","","","","","","","","","","","","","","","","","","","","","","","","","","","","","","","","","","","","","","","","","","","","","","","","","","","","","","","","","","","","","","","","","","","","","","","","","","","","","","","","","","","","","","","","","","","","","","","","","","","","","","","","","","","","","","","","","","","","","","","","","","","","","","","","","","","","","","","","","","","","","","","","","","","","","","","","","","","","","","","","","","","","","","","","","","","","","","","","","","","","","","","","","","","","","","","","","","","","","","","","","","","","","","","","","","","","","","","","","","","","","","","","","","","","","","","","","","","","","","","","","","","","","","","","","","","","","","","","","","","","","","","","","","","","","","","","","","","","","","","","","","","","","","","","","","","","","","","","","","","","","","","","","","",""
"3685e98f-25a4-4654-80a5-b84cb0f2a022","13-butadiene-running-annual-mean-at-automatic-sites-comparison-with-health-objective-for-2003-u-2010","1,3-butadiene running annual mean at automatic sites: Comparison with health objective for 2003: Urban sites 1994 to 2010","","http://www.defra.gov.uk/statistics/environment/air-quality/","Environment Statistics Service (ESS)","enviro.statistics@defra.gsi.gov.uk","","","1,3-butadiene running annual mean at automatic sites: Comparison with health objective for 2003: Urban sites 1994 to 2010","uk-ogl","active","8c3cb07b-7d2d-4e5e-abb6-bd8b00b2f87b","OKD Compliant::UK Open Government Licence (OGL)","air atmospheric defra department-for-environment-and-rural-affairs energy environment environmental-protection environmental-statistics-service health pollution","","",0,"[{u'content_length': u'2475', 'resource_group_id': u'6007b610-dfd0-4771-95c1-30d5dcb69ae3', 'cache_last_updated': None, 'package_id': u'3685e98f-25a4-4654-80a5-b84cb0f2a022', 'webstore_last_updated': None, 'id': u'86116f36-5e85-4426-82c5-d49dcce33575', 'size': None, u'openness_score': u'3', 'hash': u'', 'description': u'1,3-butadiene running annual mean at automatic sites: Comparison with health objective for 2003: Urban sites', 'format': u'CSV', 'mimetype_inner': None, u'openness_score_failure_count': 0, u'content_type': u'text/csv', u'openness_score_reason': u'open and standardized format', 'mimetype': None, 'cache_url': None, 'name': None, 'url': u'http://data.defra.gov.uk/env/aqfg14-13but-201105.csv', 'webstore_url': None, 'last_modified': None, 'position': 0, 'resource_type': None}]","","2011-08-04T15:04:08.070886","2010-02-09T16:02:41.411769","<p>1,3-butadiene running annual mean at automatic sites: Comparison with health objective for 2003: Urban sites 1994 to 2010
</p>","111100: United Kingdom (England, Scotland, Wales, Northern Ireland)","2011-05-01","3","","year","","","","Nearest microgramme per metre squared","","Department for Environment, Food and Rural Affairs [11403]","","2011-06-06T13:28:35.505695","","","annual","","aqfg14-13but","AEA Energy & Environment  ","Department for Environment, Food and Rural Affairs","","http://data.defra.gov.uk/env/aqfg14-13but-201105.csv","CSV","1,3-butadiene running annual mean at automatic sites: Comparison with health objective for 2003: Urban sites","","","","","","","","","","","","","","","","","","","","","","COSPREAD-cospread-defra-2011-03-30.xls","national","","","","","","","","","","","","","","","","","","","","","","","","","","","","","","","","","","","","","","","","","","","","","","","","","","","","","","","","","","","","","","","","","","","","","","","","","","","","","","","","","","","","","","","","","","","","","","","","","","","","","","","","","","","","","","","","","","","","","","","","","","","","","","","","","","","","","","","","","","","","","","","","","","","","","","","","","","","","","","","","","","","","","","","","","","","","","","","","","","","","","","","","","","","","","","","","","","","","","","","","","","","","","","","","","","","","","","","","","","","","","","","","","","","","","","","","","","","","","","","","","","","","","","","","","","","","","","","","","","","","","","","","","","","","","","","","","","","","","","","","","","","","","","","","","","","","","","","","","","","","","","","","","","","","","","","","","","","","","","","","","","","","","","","","","","","","","","","","","","","","","","","","","","","","","","","","","","","","","","","","","","","","","","","","","","","","","","","","","","","","","","","","","","","","","","","","","","","","","","","","","","","","","","","","","","","","","","","","","","","","","","","","","","","","","","","","","","","","","","","","","","","","","","","","","","","","","","","","","","","","","","","","","","","","","","","","","","","","","","","","","","","","","","","","","","","","","","","","","","","","","","","","","","","",""
"9da14949-e21a-4075-9233-54a1c44af3d1","1-50-000-scale-gazetteer","1:50 000 Scale Gazetteer","","","","","","","1:50 000 Scale Gazetteer provides an excellent reference tool or location finder, allowing you to locate your area of interest immediately. The gazetteer can also be used to navigate around the map, geocode your data or create lists of places within a specified area.

1:50 000 Scale Gazetteer contains entries for airports, farms, hills, woodlands, commons and other places, including over 42 000 towns and settlements with coordinates to 1 km resolution.","","active","9c29ed81-4167-45b2-991b-59d6ebe677f7","","Gazetteer Geographical names Mid-scales OS Ordnance Survey location","","",0,"[{'mimetype': None, 'resource_group_id': u'f2958f03-39c9-4159-bddf-1fa41604cd50', 'hash': u'', 'description': u'Product description', 'format': u'Unverified', 'url': u'http://www.ordnancesurvey.co.uk/oswebsite/products/50kgazetteer_open/', u'resource_locator_protocol': u'', 'cache_url': None, 'webstore_url': None, 'cach'mimetype': None, 'resource_group_id': u'10b6204e-bbf9-41cc-9179-a4aaef9807b4', 'hash': u'', 'description': u'2010/8/5', 'format': u'', 'url': u'http://www.defra.gov.uk/evidence/statistics/foodfarm/farmgate/commodity/index.htm', 'cache_url': None, 'webstore_url': None, 'cache_last_updated': None, 'package_id': u'5c2ae827-34d4-4e99-a8cf-c4f2d6974768', 'mimetype_inner': None, u'hub-id': u'119-47233', 'webstore_last_updated': None, 'last_modified': None, 'position': 91, 'size': None, 'id': u'b40aafa0-7ee3-4f8b-9184-018a60bab1fb', 'resource_type': None, 'name': None}, {'mimetype': None, 'resource_group_id': u'10b6204e-bbf9-41cc-9179-a4aaef9807b4', 'hash': u'', 'description': u'2010/8/12', 'format': u'', 'url': u'http://www.defra.gov.uk/evidence/statistics/foodfarm/farmgate/commodity/index.htm', 'cache_url': None, 'webstore_url': None, 'cache_last_updated': None, 'package_id': u'5c2ae827-34d4-4e99-a8cf-c4f2d6974768', 'mimetype_inner': None, u'hub-id': u'119-47235', 'webstore_last_updated': None, 'last_modified': None, 'position': 92, 'size': None, 'id': u'c16bddc2-cb3c-4f43-991f-d0f7e7314c20', 'resource_type': None, 'name': None}, {'mimetype': None, 'resource_group_id': u'10b6204e-bbf9-41cc-9179-a4aaef9807b4', 'hash': u'', 'description': u'2010/8/19', 'format': u'', 'url': u'http://www.defra.gov.uk/evidence/statistics/foodfarm/farmgate/commodity/index.htm', 'cache_url': None, 'webstore_url': None, 'cache_last_updated': None, 'package_id': u'5c2ae827-34d4-4e99-a8cf-c4f2d6974768', 'mimetype_inner': None, u'hub-id': u'119-47237', 'webstore_last_updated': None, 'last_modified': None, 'position': 93, 'size': None, 'id': u'b1adf1aa-4eef-47ba-917c-71302d7e5117', 'resource_type': None, 'name': None}, {'mimetype': None, 'resource_group_id': u'10b6204e-bbf9-41cc-9179-a4aaef9807b4', 'hash': u'', 'description': u'2010/8/26', 'format': u'', 'url': u'http://www.defra.gov.uk/evidence/statistics/foodfarm/farmgate/commodity/index.htm', 'cache_url': None, 'webstore_url': None, 'cache_last_updated': None, 'package_id': u'5c2ae827-34d4-4e99-a8cf-c4f2d6974768', 'mimetype_inner': None, u'hub-id': u'119-47239', 'webstore_last_updated': None, 'last_modified': None, 'position': 94, 'size': None, 'id': u'36b63292-4c5e-4dfb-a24e-ea9b7bfa031f', 'resource_type': None, 'name': None}, {'mimetype': None, 'resource_group_id': u'10b6204e-bbf9-41cc-9179-a4aaef9807b4', 'hash': u'', 'description': u'2010/9/2', 'format': u'', 'url': u'http://www.defra.gov.uk/evidence/statistics/foodfarm/farmgate/commodity/index.htm', 'cache_url': None, 'webstore_url': None, 'cache_last_updated': None, 'package_id': u'5c2ae827-34d4-4e99-a8cf-c4f2d6974768', 'mimetype_inner': None, u'hub-id': u'119-47241', 'webstore_last_updated': None, 'last_modified': None, 'position': 95, 'size': None, 'id': u'f57e2a14-7d94-4706-a4bf-b91aad014cf8', 'resource_type': None, 'name': None}, {'mimetype': None, 'resource_group_id': u'10b6204e-bbf9-41cc-9179-a4aaef9807b4', 'hash': u'', 'description': u'2010/9/9', 'format': u'', 'url': u'http://www.defra.gov.uk/evidence/statistics/foodfarm/farmgate/commodity/index.htm', 'cache_url': None, 'webstore_url': None, 'cache_last_updated': None, 'package_id': u'5c2ae827-34d4-4e99-a8cf-c4f2d6974768', 'mimetype_inner': None, u'hub-id': u'119-47243', 'webstore_last_updated': None, 'last_modified': None, 'position': 96, 'size': None, 'id': u'ef623668-51ec-433a-b102-e7bbeb060dc4', 'resource_type': None, 'name': None}, {'mimetype': None, 'resource_group_id': u'10b6204e-bbf9-41cc-9179-a4aaef9807b4', 'hash': u'', 'description': u'2011/06/09', 'format': u'', 'url': u'http://www.defra.gov.uk/statistics/foodfarm/farmgate/commodity/', 'cache_url': None, 'webstore_url': None, 'cache_last_updated': None, 'package_id': u'5c2ae827-34d4-4e99-a8cf-c4f2d6974768', 'mimetype_inner': None, u'hub-id': u'119-51987', 'webstore_last_updated': None, 'last_modified': None, 'position': 97, 'size': None, 'id': u'893f8193-6953-4851-864f-9dc0f7cde7f0', 'resource_type': None, 'name': None}, {'mimetype': None, 'resource_group_id': u'10b6204e-bbf9-41cc-9179-a4aaef9807b4', 'hash': u'', 'description': u'2011/06/16', 'format': u'', 'url': u'http://www.defra.gov.uk/statistics/foodfarm/farmgate/commodity/', 'cache_url': None, 'webstore_url': None, 'cache_last_updated': None, 'package_id': u'5c2ae827-34d4-4e99-a8cf-c4f2d6974768', 'mimetype_inner': None, u'hub-id': u'119-51989', 'webstore_last_updated': None, 'last_modified': None, 'position': 98, 'size': None, 'id': u'93cfee00-df86-4a03-a8d3-ca299ac05f2c', 'resource_type': None, 'name': None}, {'mimetype': None, 'resource_group_id': u'10b6204e-bbf9-41cc-9179-a4aaef9807b4', 'hash': u'', 'description': u'2011/06/23', 'format': u'', 'url': u'http://www.defra.gov.uk/statistics/foodfarm/farmgate/commodity/', 'cache_url': None, 'webstore_url': None, 'cache_last_updated': None, 'package_id': u'5c2ae827-34d4-4e99-a8cf-c4f2d6974768', 'mimetype_inner': None, u'hub-id': u'119-51991', 'webstore_last_updated': None, 'last_modified': None, 'position': 99, 'size': None, 'id': u'44cc51c9-4e14-4ffe-b2ea-722ac7c5d6a8', 'resource_type': None, 'name': None}, {'mimetype': None, 'resource_group_id': u'10b6204e-bbf9-41cc-9179-a4aaef9807b4', 'hash': u'', 'description': u'2011/06/30', 'format': u'', 'url': u'http://www.defra.gov.uk/statistics/foodfarm/farmgate/commodity/', 'cache_url': None, 'webstore_url': None, 'cache_last_updated': None, 'package_id': u'5c2ae827-34d4-4e99-a8cf-c4f2d6974768', 'mimetype_inner': None, u'hub-id': u'119-51993', 'webstore_last_updated': None, 'last_modified': None, 'position': 100, 'size': None, 'id': u'fa50d200-72f5-408c-aefa-7bd03c85381a', 'resource_type': None, 'name': None}, {'mimetype': None, 'resource_group_id': u'10b6204e-bbf9-41cc-9179-a4aaef9807b4', 'hash': u'', 'description': u'2011/07/07', 'format': u'', 'url': u'http://www.defra.gov.uk/statistics/foodfarm/farmgate/commodity/', 'cache_url': None, 'webstore_url': None, 'cache_last_updated': None, 'package_id': u'5c2ae827-34d4-4e99-a8cf-c4f2d6974768', 'mimetype_inner': None, u'hub-id': u'119-51995', 'webstore_last_updated': None, 'last_modified': None, 'position': 101, 'size': None, 'id': u'c82ac0a6-6b9e-42e5-93b7-4d2bd45f22cb', 'resource_type': None, 'name': None}, {'mimetype': None, 'resource_group_id': u'10b6204e-bbf9-41cc-9179-a4aaef9807b4', 'hash': u'', 'description': u'2011/07/14', 'format': u'', 'url': u'http://www.defra.gov.uk/statistics/foodfarm/farmgate/commodity/', 'cache_url': None, 'webstore_url': None, 'cache_last_updated': None, 'package_id': u'5c2ae827-34d4-4e99-a8cf-c4f2d6974768', 'mimetype_inner': None, u'hub-id': u'119-51997', 'webstore_last_updated': None, 'last_modified': None, 'position': 102, 'size': None, 'id': u'1dda7b2d-a94c-4518-bb22-7b5cd330b9a2', 'resource_type': None, 'name': None}, {'mimetype': None, 'resource_group_id': u'10b6204e-bbf9-41cc-9179-a4aaef9807b4', 'hash': u'', 'description': u'2011/07/21', 'format': u'', 'url': u'http://www.defra.gov.uk/statistics/foodfarm/farmgate/commodity/', 'cache_url': None, 'webstore_url': None, 'cache_last_updated': None, 'package_id': u'5c2ae827-34d4-4e99-a8cf-c4f2d6974768', 'mimetype_inner': None, u'hub-id': u'119-51999', 'webstore_last_updated': None, 'last_modified': None, 'position': 103, 'size': None, 'id': u'149d5e34-71da-438c-a8c9-1be832f51009', 'resource_type': None, 'name': None}, {'mimetype': None, 'resource_group_id': u'10b6204e-bbf9-41cc-9179-a4aaef9807b4', 'hash': u'', 'description': u'2011/07/28', 'format': u'', 'url': u'http://www.defra.gov.uk/statistics/foodfarm/farmgate/commodity/', 'cache_url': None, 'webstore_url': None, 'cache_last_updated': None, 'package_id': u'5c2ae827-34d4-4e99-a8cf-c4f2d6974768', 'mimetype_inner': None, u'hub-id': u'119-52001', 'webstore_last_updated': None, 'last_modified': None, 'position': 104, 'size': None, 'id': u'5e538ffe-4b91-4bb3-8509-e291c69c66c4', 'resource_type': None, 'name': None}, {'mimetype': None, 'resource_group_id': u'10b6204e-bbf9-41cc-9179-a4aaef9807b4', 'hash': u'', 'description': u'2011/08/04', 'format': u'', 'url': u'http://www.defra.gov.uk/statistics/foodfarm/farmgate/commodity/', 'cache_url': None, 'webstore_url': None, 'cache_last_updated': None, 'package_id': u'5c2ae827-34d4-4e99-a8cf-c4f2d6974768', 'mimetype_inner': None, u'hub-id': u'119-52003', 'webstore_last_updated': None, 'last_modified': None, 'position': 105, 'size': None, 'id': u'791f6e2d-68bf-4a46-850f-b6a7b45eceaa', 'resource_type': None, 'name': None}, {'mimetype': None, 'resource_group_id': u'10b6204e-bbf9-41cc-9179-a4aaef9807b4', 'hash': u'', 'description': u'2011/08/11', 'format': u'', 'url': u'http://www.defra.gov.uk/statistics/foodfarm/farmgate/commodity/', 'cache_url': None, 'webstore_url': None, 'cache_last_updated': None, 'package_id': u'5c2ae827-34d4-4e99-a8cf-c4f2d6974768', 'mimetype_inner': None, u'hub-id': u'119-52005', 'webstore_last_updated': None, 'last_modified': None, 'position': 106, 'size': None, 'id': u'd90e1953-efad-4673-9a4d-0eb9273279e9', 'resource_type': None, 'name': None}, {'mimetype': None, 'resource_group_id': u'10b6204e-bbf9-41cc-9179-a4aaef9807b4', 'hash': u'', 'description': u'2011/08/18', 'format': u'', 'url': u'http://www.defra.gov.uk/statistics/foodfarm/farmgate/commodity/', 'cache_url': None, 'webstore_url': None, 'cache_last_updated': None, 'package_id': u'5c2ae827-34d4-4e99-a8cf-c4f2d6974768', 'mimetype_inner': None, u'hub-id': u'119-52007', 'webstore_last_updated': None, 'last_modified': None, 'position': 107, 'size': None, 'id': u'90af63df-b74f-42c4-b92a-ffe24063938a', 'resource_type': None, 'name': None}, {'mimetype': None, 'resource_group_id': u'10b6204e-bbf9-41cc-9179-a4aaef9807b4', 'hash': u'', 'description': u'2011/08/25', 'format': u'', 'url': u'http://www.defra.gov.uk/statistics/foodfarm/farmgate/commodity/', 'cache_url': None, 'webstore_url': None, 'cache_last_updated': None, 'package_id': u'5c2ae827-34d4-4e99-a8cf-c4f2d6974768', 'mimetype_inner': None, u'hub-id': u'119-52009', 'webstore_last_updated': None, 'last_modified': None, 'position': 108, 'size': None, 'id': u'a7e3ecdf-aea6-45cf-9905-6f3901b0010f', 'resource_type': None, 'name': None}, {'mimetype': None, 'resource_group_id': u'10b6204e-bbf9-41cc-9179-a4aaef9807b4', 'hash': u'', 'description': u'2011/09/01', 'format': u'', 'url': u'http://www.defra.gov.uk/statistics/foodfarm/farmgate/commodity/', 'cache_url': None, 'webstore_url': None, 'cache_last_updated': None, 'package_id': u'5c2ae827-34d4-4e99-a8cf-c4f2d6974768', 'mimetype_inner': None, u'hub-id': u'119-52011', 'webstore_last_updated': None, 'last_modified': None, 'position': 109, 'size': None, 'id': u'2f7dc0b1-4fcf-4cc3-a0a0-5887e958d6ef', 'resource_type': None, 'name': None}, {'mimetype': None, 'resource_group_id': u'10b6204e-bbf9-41cc-9179-a4aaef9807b4', 'hash': u'', 'description': u'2011/09/08', 'format': u'', 'url': u'http://www.defra.gov.uk/statistics/foodfarm/farmgate/commodity/', 'cache_url': None, 'webstore_url': None, 'cache_last_updated': None, 'package_id': u'5c2ae827-34d4-4e99-a8cf-c4f2d6974768', 'mimetype_inner': None, u'hub-id': u'119-52013', 'webstore_last_updated': None, 'last_modified': None, 'position': 110, 'size': None, 'id': u'b5e2c8b7-d88b-4223-94da-83c1126646ef', 'resource_type': None, 'name': None}, {'mimetype': None, 'resource_group_id': u'10b6204e-bbf9-41cc-9179-a4aaef9807b4', 'hash': u'', 'description': u'2011/09/15', 'format': u'', 'url': u'http://www.defra.gov.uk/statistics/foodfarm/farmgate/commodity/', 'cache_url': None, 'webstore_url': None, 'cache_last_updated': None, 'package_id': u'5c2ae827-34d4-4e99-a8cf-c4f2d6974768', 'mimetype_inner': None, u'hub-id': u'119-52015', 'webstore_last_updated': None, 'last_modified': None, 'position': 111, 'size': None, 'id': u'3ec10e53-4cc9-41b9-b9fc-f8699814e93a', 'resource_type': None, 'name': None}, {'mimetype': None, 'resource_group_id': u'10b6204e-bbf9-41cc-9179-a4aaef9807b4', 'hash': u'', 'description': u'2011/09/22', 'format': u'', 'url': u'http://www.defra.gov.uk/statistics/foodfarm/farmgate/commodity/', 'cache_url': None, 'webstore_url': None, 'cache_last_updated': None, 'package_id': u'5c2ae827-34d4-4e99-a8cf-c4f2d6974768', 'mimetype_inner': None, u'hub-id': u'119-52017', 'webstore_last_updated': None, 'last_modified': None, 'position': 112, 'size': None, 'id': u'a85b2f9c-7cd4-487a-81b9-c2f9507b3682', 'resource_type': None, 'name': None}, {'mimetype': None, 'resource_group_id': u'10b6204e-bbf9-41cc-9179-a4aaef9807b4', 'hash': u'', 'description': u'2011/09/29', 'format': u'', 'url': u'http://www.defra.gov.uk/statistics/foodfarm/farmgate/commodity/', 'cache_url': None, 'webstore_url': None, 'cache_last_updated': None, 'package_id': u'5c2ae827-34d4-4e99-a8cf-c4f2d6974768', 'mimetype_inner': None, u'hub-id': u'119-52019', 'webstore_last_updated': None, 'last_modified': None, 'position': 113, 'size': None, 'id': u'9fe5bf4c-70f6-42ee-b77b-4df629218d2a', 'resource_type': None, 'name': None}, {'mimetype': None, 'resource_group_id': u'10b6204e-bbf9-41cc-9179-a4aaef9807b4', 'hash': u'', 'description': u'2011/10/06', 'format': u'', 'url': u'http://www.defra.gov.uk/statistics/foodfarm/farmgate/commodity/', 'cache_url': None, 'webstore_url': None, 'cache_last_updated': None, 'package_id': u'5c2ae827-34d4-4e99-a8cf-c4f2d6974768', 'mimetype_inner': None, u'hub-id': u'119-52021', 'webstore_last_updated': None, 'last_modified': None, 'position': 114, 'size': None, 'id': u'5bdfab4a-9cab-4f1c-aac4-01aaf96a5997', 'resource_type': None, 'name': None}, {'mimetype': None, 'resource_group_id': u'10b6204e-bbf9-41cc-9179-a4aaef9807b4', 'hash': u'', 'description': u'2011/10/13', 'format': u'', 'url': u'http://www.defra.gov.uk/statistics/foodfarm/farmgate/commodity/', 'cache_url': None, 'webstore_url': None, 'cache_last_updated': None, 'package_id': u'5c2ae827-34d4-4e99-a8cf-c4f2d6974768', 'mimetype_inner': None, u'hub-id': u'119-52023', 'webstore_last_updated': None, 'last_modified': None, 'position': 115, 'size': None, 'id': u'2271cbbc-c484-483b-8605-8a8e08d0cea8', 'resource_type': None, 'name': None}, {'mimetype': None, 'resource_group_id': u'10b6204e-bbf9-41cc-9179-a4aaef9807b4', 'hash': u'', 'description': u'2011/10/20', 'format': u'', 'url': u'http://www.defra.gov.uk/statistics/foodfarm/farmgate/commodity/', 'cache_url': None, 'webstore_url': None, 'cache_last_updated': None, 'package_id': u'5c2ae827-34d4-4e99-a8cf-c4f2d6974768', 'mimetype_inner': None, u'hub-id': u'119-52025', 'webstore_last_updated': None, 'last_modified': None, 'position': 116, 'size': None, 'id': u'064eb37e-73d3-48c0-99e1-f21408c28234', 'resource_type': None, 'name': None}, {'mimetype': None, 'resource_group_id': u'10b6204e-bbf9-41cc-9179-a4aaef9807b4', 'hash': u'', 'description': u'2011/10/27', 'format': u'', 'url': u'http://www.defra.gov.uk/statistics/foodfarm/farmgate/commodity/', 'cache_url': None, 'webstore_url': None, 'cache_last_updated': None, 'package_id': u'5c2ae827-34d4-4e99-a8cf-c4f2d6974768', 'mimetype_inner': None, u'hub-id': u'119-52027', 'webstore_last_updated': None, 'last_modified': None, 'position': 117, 'size': None, 'id': u'bfb9069f-9692-4430-8ec4-41b6c93d15c0', 'resource_type': None, 'name': None}, {'mimetype': None, 'resource_group_id': u'10b6204e-bbf9-41cc-9179-a4aaef9807b4', 'hash': u'', 'description': u'2011/11/03', 'format': u'', 'url': u'http://www.defra.gov.uk/statistics/foodfarm/farmgate/commodity/', 'cache_url': None, 'webstore_url': None, 'cache_last_updated': None, 'package_id': u'5c2ae827-34d4-4e99-a8cf-c4f2d6974768', 'mimetype_inner': None, u'hub-id': u'119-52029', 'webstore_last_updated': None, 'last_modified': None, 'position': 118, 'size': None, 'id': u'7a771fc9-01c2-4276-8b4c-47c113d58dd6', 'resource_type': None, 'name': None}, {'mimetype': None, 'resource_group_id': u'10b6204e-bbf9-41cc-9179-a4aaef9807b4', 'hash': u'', 'description': u'2011/11/10', 'format': u'', 'url': u'http://www.defra.gov.uk/statistics/foodfarm/farmgate/commodity/', 'cache_url': None, 'webstore_url': None, 'cache_last_updated': None, 'package_id': u'5c2ae827-34d4-4e99-a8cf-c4f2d6974768', 'mimetype_inner': None, u'hub-id': u'119-52031', 'webstore_last_updated': None, 'last_modified': None, 'position': 119, 'size': None, 'id': u'f9617f08-56c0-4122-97d5-90bf33e03aa4', 'resource_type': None, 'name': None}, {'mimetype': None, 'resource_group_id': u'10b6204e-bbf9-41cc-9179-a4aaef9807b4', 'hash': u'', 'description': u'2011/11/17', 'format': u'', 'url': u'http://www.defra.gov.uk/statistics/foodfarm/farmgate/commodity/', 'cache_url': None, 'webstore_url': None, 'cache_last_updated': None, 'package_id': u'5c2ae827-34d4-4e99-a8cf-c4f2d6974768', 'mimetype_inner': None, u'hub-id': u'119-52033', 'webstore_last_updated': None, 'last_modified': None, 'position': 120, 'size': None, 'id': u'd070dfeb-6843-4acb-8dd7-3d6e6d5e23c5', 'resource_type': None, 'name': None}, {'mimetype': None, 'resource_group_id': u'10b6204e-bbf9-41cc-9179-a4aaef9807b4', 'hash': u'', 'description': u'2011/11/24', 'format': u'', 'url': u'http://www.defra.gov.uk/statistics/foodfarm/farmgate/commodity/', 'cache_url': None, 'webstore_url': None, 'cache_last_updated': None, 'package_id': u'5c2ae827-34d4-4e99-a8cf-c4f2d6974768', 'mimetype_inner': None, u'hub-id': u'119-52035', 'webstore_last_updated': None, 'last_modified': None, 'position': 121, 'size': None, 'id': u'1ae03ade-fd15-44ac-9f91-7519e61047b0', 'resource_type': None, 'name': None}, {'mimetype': None, 'resource_group_id': u'10b6204e-bbf9-41cc-9179-a4aaef9807b4', 'hash': u'', 'description': u'2011/12/01', 'format': u'', 'url': u'http://www.defra.gov.uk/statistics/foodfarm/farmgate/commodity/', 'cache_url': None, 'webstore_url': None, 'cache_last_updated': None, 'package_id': u'5c2ae827-34d4-4e99-a8cf-c4f2d6974768', 'mimetype_inner': None, u'hub-id': u'119-52037', 'webstore_last_updated': None, 'last_modified': None, 'position': 122, 'size': None, 'id': u'466a80ff-dd01-46fa-afc5-46aaea9c527b', 'resource_type': None, 'name': None}, {'mimetype': None, 'resource_group_id': u'10b6204e-bbf9-41cc-9179-a4aaef9807b4', 'hash': u'', 'description': u'2011/12/08', 'format': u'', 'url': u'http://www.defra.gov.uk/statistics/foodfarm/farmgate/commodity/', 'cache_url': None, 'webstore_url': None, 'cache_last_updated': None, 'package_id': u'5c2ae827-34d4-4e99-a8cf-c4f2d6974768', 'mimetype_inner': None, u'hub-id': u'119-52039', 'webstore_last_updated': None, 'last_modified': None, 'position': 123, 'size': None, 'id': u'18e0ab0b-7f1b-4528-bec2-d3a7e09c69ca', 'resource_type': None, 'name': None}, {'mimetype': None, 'resource_group_id': u'10b6204e-bbf9-41cc-9179-a4aaef9807b4', 'hash': u'', 'description': u'2011/12/15', 'format': u'', 'url': u'http://www.defra.gov.uk/statistics/foodfarm/farmgate/commodity/', 'cache_url': None, 'webstore_url': None, 'cache_last_updated': None, 'package_id': u'5c2ae827-34d4-4e99-a8cf-c4f2d6974768', 'mimetype_inner': None, u'hub-id': u'119-52041', 'webstore_last_updated': None, 'last_modified': None, 'position': 124, 'size': None, 'id': u'ff4863ed-7ab3-4c50-8e65-e7ca6c43e785', 'resource_type': None, 'name': None}, {'mimetype': None, 'resource_group_id': u'10b6204e-bbf9-41cc-9179-a4aaef9807b4', 'hash': u'', 'description': u'2011/12/22', 'format': u'', 'url': u'http://www.defra.gov.uk/statistics/foodfarm/farmgate/commodity/', 'cache_url': None, 'webstore_url': None, 'cache_last_updated': None, 'package_id': u'5c2ae827-34d4-4e99-a8cf-c4f2d6974768', 'mimetype_inner': None, u'hub-id': u'119-52043', 'webstore_last_updated': None, 'last_modified': None, 'position': 125, 'size': None, 'id': u'c95b9b9f-8f21-4c69-b659-9758af3b4c3c', 'resource_type': None, 'name': None}]","","2011-12-22T17:51:31.992856","2010-02-09T16:02:41.411769","<p>Weekly Commodity Prices are made up of four excel spreadsheets and graphs split into commodity groups.
</p>
<p>Source agency: Environment, Food and Rural Affairs
</p>
<p>Designation: National Statistics
</p>
<p>Language: English
</p>
<p>Alternative title: Commodity Price Movements
</p>","111100: United Kingdom (England, Scotland, Wales, Northern Ireland)","2008-01-10","","","","2011-12-22","","","","","Department for Environment, Food and Rural Affairs [11403]","","","","","","yes","ONSHUB","","","Agriculture and Environment","http://statistics.defra.gov.uk/esg/index/list.asp?i_id=052","","Commodity Price Movements 10/01/2008","","","","","","","","","","","","","","","","","","","","","","ONS-ons_data_7_days_to_2011-12-22","Country","","http://statistics.defra.gov.uk/esg/index/list.asp?i_id=052","","Commodity Price Movements 17/01/2008","","Commodity Price Movements","http://statistics.defra.gov.uk/esg/index/list.asp?i_id=052","","Commodity Price Movements 23/01/2008","http://statistics.defra.gov.uk/esg/index/list.asp?i_id=052","","Commodity Price Movements 31/01/2008","https://statistics.defra.gov.uk/esg/index/list.asp?i_id=052","","Commodity Price Movements 07/02/2008","http://statistics.defra.gov.uk/esg/index/list.asp?i_id=052","","Commodity Price Movements 14/02/2008","http://statistics.defra.gov.uk/esg/index/list.asp?i_id=052","","Commodity Price Movements 21/02/2008","http://statistics.defra.gov.uk/esg/index/list.asp?i_id=052","","Commodity Price Movements 29/02/2008","http://statistics.defra.gov.uk/esg/index/list.asp?i_id=052","","Commodity Price Movements 13/03/2008","http://statistics.defra.gov.uk/esg/index/list.asp?i_id=052","","Commodity Price Movements 20/03/2008","http://statistics.defra.gov.uk/esg/index/list.asp?i_id=052","","Commodity Price Movements 27/03/2008","http://statistics.defra.gov.uk/esg/index/list.asp?i_id=052","","Commodity Price Movements 03/04/2008","http://statistics.defra.gov.uk/esg/index/list.asp?i_id=052","","Commodity Price Movements 10/04/2008","http://statistics.defra.gov.uk/esg/index/list.asp?i_id=052","","Commodity Price Movements 17/04/2008","http://statistics.defra.gov.uk/esg/index/list.asp?i_id=052","","Commodity Price Movements 24/04/2008","http://statistics.defra.gov.uk/esg/index/list.asp?i_id=052","","Commodity Price Movements 01/05/2008","http://statistics.defra.gov.uk/esg/index/list.asp?i_id=052","","Commodity Price Movements 08/05/2008","http://statistics.defra.gov.uk/esg/index/list.asp?i_id=052","","Commodity Price Movements 15/05/2008","http://statistics.defra.gov.uk/esg/index/list.asp?i_id=052","","Commodity Price Movements 22/05/2008","http://statistics.defra.gov.uk/esg/index/list.asp?i_id=052","","Commodity Price Movements 30/05/2008","http://statistics.defra.gov.uk/esg/index/list.asp?i_id=052","","Commodity Price Movements 05/06/2008","http://statistics.defra.gov.uk/esg/index/list.asp?i_id=052","","Commodity Price Movements 12/06/2008","http://statistics.defra.gov.uk/esg/index/list.asp?i_id=052","","Commodity Price Movements 19/06/2008","http://statistics.defra.gov.uk/esg/index/list.asp?i_id=052","","Commodity Price Movements 26/06/2008","http://statistics.defra.gov.uk/esg/index/list.asp?i_id=052","","Commodity Price Movements 03/07/2008","http://statistics.defra.gov.uk/esg/index/list.asp?i_id=052","","Commodity Price Movements 10/07/2008","http://statistics.defra.gov.uk/esg/index/list.asp?i_id=052","","Commodity Price Movements 17/07/2008","http://statistics.defra.gov.uk/esg/index/list.asp?i_id=052","","Commodity Price Movements 24/07/2008","http://statistics.defra.gov.uk/esg/index/list.asp?i_id=052","","Commodity Price Movements 07/08/2008","http://statistics.defra.gov.uk/esg/index/list.asp?i_id=052","","Commodity Price Movements 14/08/2008","http://statistics.defra.gov.uk/esg/index/list.asp?i_id=052","","Commodity Price Movements 21/08/2008","http://statistics.defra.gov.uk/esg/index/list.asp?i_id=052","","Commodity Price Movements 28/08/2008","http://statistics.defra.gov.uk/esg/index/list.asp?i_id=052","","Commodity Price Movements 04/09/2008","http://statistics.defra.gov.uk/esg/index/list.asp?i_id=052","","Commodity Price Movements 11/09/2008","http://statistics.defra.gov.uk/esg/index/list.asp?i_id=052","","Commodity Price Movements 18/09/2008","http://statistics.defra.gov.uk/esg/index/list.asp?i_id=052","","Commodity Price Movements 25/09/2008","http://statistics.defra.gov.uk/esg/index/list.asp?i_id=052","","Commodity Price Movements 02/10/2008","http://statistics.defra.gov.uk/esg/index/list.asp?i_id=052","","Commodity Price Movements 09/10/2008","http://statistics.defra.gov.uk/esg/index/list.asp?i_id=052","","Commodity Price Movements 16/10/2008","http://statistics.defra.gov.uk/esg/index/list.asp?i_id=052","","Commodity Price Movements 23/10/2008","http://statistics.defra.gov.uk/esg/index/list.asp?i_id=052","","Commodity Price Movements 30/10/2008","http://statistics.defra.gov.uk/esg/index/list.asp?i_id=052","","Commodity Price Movements 06/11/2008","http://statistics.defra.gov.uk/esg/index/list.asp?i_id=052","","Commodity Price Movements 13/11/2008","https://statistics.defra.gov.uk/esg/index/list.asp?i_id=052","","Commodity Price Movements 01/10/2009","https://statistics.defra.gov.uk/esg/index/list.asp?i_id=052","","Commodity Price Movements 02/04/2009","http://statistics.defra.gov.uk/esg/index/list.asp?i_id=052","","Commodity Price Movements 02/07/2009","https://statistics.defra.gov.uk/esg/index/list.asp?i_id=052","","Commodity Price Movements 03/09/2009","https://statistics.defra.gov.uk/esg/index/list.asp?i_id=052","","Commodity Price Movements 04/06/2009","http://statistics.defra.gov.uk/esg/index/list.asp?i_id=052","","Commodity Price Movements 04/12/2008","http://statistics.defra.gov.uk/esg/index/list.asp?i_id=052","","Commodity Price Movements 05/02/2009","http://statistics.defra.gov.uk/esg/index/list.asp?i_id=052","","Commodity Price Movements 05/03/2009","https://statistics.defra.gov.uk/esg/index/list.asp?i_id=052","","Commodity Price Movements 06/08/2009","https://ttp://statistics.defra.gov.uk/esg/index/list.asp?i_id=052","","Commodity Price Movements 07/05/2009","http://statistics.defra.gov.uk/esg/index/list.asp?i_id=052","","Commodity Price Movements 08/01/2009","https://statistics.defra.gov.uk/esg/index/list.asp?i_id=052","","Commodity Price Movements 08/10/2009","http://statistics.defra.gov.uk/esg/index/list.asp?i_id=052","","Commodity Price Movements 09/04/2009","https://statistics.defra.gov.uk/esg/index/list.asp?i_id=052","","Commodity Price Movements 09/07/2009","https://statistics.defra.gov.uk/esg/index/list.asp?i_id=052","","Commodity Price Movements 10/09/2009","https://statistics.defra.gov.uk/esg/index/list.asp?i_id=052","","Commodity Price Movements 11/06/2009","http://statistics.defra.gov.uk/esg/index/list.asp?i_id=052","","Commodity Price Movements 11/12/2008","http://statistics.defra.gov.uk/esg/index/list.asp?i_id=052","","Commodity Price Movements 12/02/2009","https://statistics.defra.gov.uk/esg/index/list.asp?i_id=052","","Commodity Price Movements 12/03/2009","https://statistics.defra.gov.uk/esg/index/list.asp?i_id=052","","Commodity Price Movements 13/08/2009","https://statistics.defra.gov.uk/esg/index/list.asp?i_id=052","","Commodity Price Movements 14/05/2009","http://statistics.defra.gov.uk/esg/index/list.asp?i_id=052","","Commodity Price Movements 15/01/2009","https://statistics.defra.gov.uk/esg/index/list.asp?i_id=052","","Commodity Price Movements 15/10/2009","https://statistics.defra.gov.uk/esg/index/list.asp?i_id=052","","Commodity Price Movements 16/04/2009","https://statistics.defra.gov.uk/esg/index/list.asp?i_id=052","","Commodity Price Movements 16/07/2009","https://statistics.defra.gov.uk/esg/index/list.asp?i_id=052","","Commodity Price Movements 17/09/2009","https://statistics.defra.gov.uk/esg/index/list.asp?i_id=052","","Commodity Price Movements 18/06/2009","http://statistics.defra.gov.uk/esg/index/list.asp?i_id=052","","Commodity Price Movements 18/12/2008","http://statistics.defra.gov.uk/esg/index/list.asp?i_id=052","","Commodity Price Movements 19/02/2009","http://statistics.defra.gov.uk/esg/index/list.asp?i_id=052","","19/03/2009","https://statistics.defra.gov.uk/esg/index/list.asp?i_id=052","","Commodity Price Movements 20/08/2009","http://statistics.defra.gov.uk/esg/index/list.asp?i_id=052","","Commodity Price Movements 20/11/2008","https://statistics.defra.gov.uk/esg/index/list.asp?i_id=052","","Commodity Price Movements 21/05/2009","http://statistics.defra.gov.uk/esg/index/list.asp?i_id=052","","Commodity Price Movements 22/01/2009","https://statistics.defra.gov.uk/esg/index/list.asp?i_id=052","","Commodity Price Movements 22/10/2009","http://statistics.defra.gov.uk/esg/index/list.asp?i_id=052","","Commodity Price Movements 23/04/2009","https://statistics.defra.gov.uk/esg/index/list.asp?i_id=052","","Commodity Price Movements 23/07/2009","https://statistics.defra.gov.uk/esg/index/list.asp?i_id=052","","Commodity Price Movements 24/09/2009","http://statistics.defra.gov.uk/esg/index/list.asp?i_id=052","","Commodity Price Movements 25/06/2009","http://statistics.defra.gov.uk/esg/index/list.asp?i_id=052","","Commodity Price Movements 26/02/2009","https://statistics.defra.gov.uk/esg/index/list.asp?i_id=052","","Commodity Price Movements 27/08/2009","http://statistics.defra.gov.uk/esg/index/list.asp?i_id=052","","Commodity Price Movements 27/11/2008","https://statistics.defra.gov.uk/esg/index/list.asp?i_id=052","","Commodity Price Movements 28/05/2009","http://statistics.defra.gov.uk/esg/index/list.asp?i_id=052","","Commodity Price Movements 29/01/2009","https://statistics.defra.gov.uk/esg/index/list.asp?i_id=052","","Commodity Price Movements 29/10/2009","http://statistics.defra.gov.uk/esg/index/list.asp?i_id=052","","Commodity Price Movements 30/04/2009","https://statistics.defra.gov.uk/esg/index/list.asp?i_id=052","","Commodity Price Movements 30/07/2009","http://www.defra.gov.uk/evidence/statistics/foodfarm/farmgate/commodity/index.htm","","2010/7/29","http://www.defra.gov.uk/evidence/statistics/foodfarm/farmgate/commodity/index.htm","","2010/8/5","http://www.defra.gov.uk/evidence/statistics/foodfarm/farmgate/commodity/index.htm","","2010/8/12","http://www.defra.gov.uk/evidence/statistics/foodfarm/farmgate/commodity/index.htm","","2010/8/19","http://www.defra.gov.uk/evidence/statistics/foodfarm/farmgate/commodity/index.htm","","2010/8/26","http://www.defra.gov.uk/evidence/statistics/foodfarm/farmgate/commodity/index.htm","","2010/9/2","http://www.defra.gov.uk/evidence/statistics/foodfarm/farmgate/commodity/index.htm","","2010/9/9","http://www.defra.gov.uk/statistics/foodfarm/farmgate/commodity/","","2011/06/09","http://www.defra.gov.uk/statistics/foodfarm/farmgate/commodity/","","2011/06/16","http://www.defra.gov.uk/statistics/foodfarm/farmgate/commodity/","","2011/06/23","http://www.defra.gov.uk/statistics/foodfarm/farmgate/commodity/","","2011/06/30","http://www.defra.gov.uk/statistics/foodfarm/farmgate/commodity/","","2011/07/07","http://www.defra.gov.uk/statistics/foodfarm/farmgate/commodity/","","2011/07/14","http://www.defra.gov.uk/statistics/foodfarm/farmgate/commodity/","","2011/07/21","http://www.defra.gov.uk/statistics/foodfarm/farmgate/commodity/","","2011/07/28","http://www.defra.gov.uk/statistics/foodfarm/farmgate/commodity/","","2011/08/04","http://www.defra.gov.uk/statistics/foodfarm/farmgate/commodity/","","2011/08/11","http://www.defra.gov.uk/statistics/foodfarm/farmgate/commodity/","","2011/08/18","http://www.defra.gov.uk/statistics/foodfarm/farmgate/commodity/","","2011/08/25","http://www.defra.gov.uk/statistics/foodfarm/farmgate/commodity/","","2011/09/01","http://www.defra.gov.uk/statistics/foodfarm/farmgate/commodity/","","2011/09/08","http://www.defra.gov.uk/statistics/foodfarm/farmgate/commodity/","","2011/09/15","http://www.defra.gov.uk/statistics/foodfarm/farmgate/commodity/","","2011/09/22","http://www.defra.gov.uk/statistics/foodfarm/farmgate/commodity/","","2011/09/29","http://www.defra.gov.uk/statistics/foodfarm/farmgate/commodity/","","2011/10/06","http://www.defra.gov.uk/statistics/foodfarm/farmgate/commodity/","","2011/10/13","http://www.defra.gov.uk/statistics/foodfarm/farmgate/commodity/","","2011/10/20","http://www.defra.gov.uk/statistics/foodfarm/farmgate/commodity/","","2011/10/27","http://www.defra.gov.uk/statistics/foodfarm/farmgate/commodity/","","2011/11/03","http://www.defra.gov.uk/statistics/foodfarm/farmgate/commodity/","","2011/11/10","http://www.defra.gov.uk/statistics/foodfarm/farmgate/commodity/","","2011/11/17","http://www.defra.gov.uk/statistics/foodfarm/farmgate/commodity/","","2011/11/24","http://www.defra.gov.uk/statistics/foodfarm/farmgate/commodity/","","2011/12/01","http://www.defra.gov.uk/statistics/foodfarm/farmgate/commodity/","","2011/12/08","http://www.defra.gov.uk/statistics/foodfarm/farmgate/commodity/","","2011/12/15","http://www.defra.gov.uk/statistics/foodfarm/farmgate/commodity/","","2011/12/22","","","","","","","","","","","","","","","","","","","","","","","","","","","","","","","","","","","","","","","","","","","","","","","","","","","","","","","","","","","","","","","","","","","","","","","","","","","","","","","","","","","","","","","","","","","","","","","","","","","","","","","","","","","","","","","","","","","","","","","","","","","","","","","","","",""
"6391df9b-a597-48bf-9188-ae3d95d18922","common_assault_-_recorded_offences","Common assault: Recorded offences","","http://www.data4nr.net/resources/813/","DCLG Data4NR","","","","Notifiable offences recorded by the police: Common assault.  Data4NR reference.
","uk-ogl","active","0aab93a1-5937-4dd5-9aaa-86c241ebdb5b","OKD Compliant::UK Open Government Licence (OGL)","","","",0,"[{u'content_length': None, 'resource_group_id': u'3e89e844-3924-6967-81d7-7a906dc38798', 'cache_last_updated': None, 'package_id': u'6391df9b-a597-48bf-9188-ae3d95d18922', 'webstore_last_updated': None, 'id': u'cadb5e52-5f31-4e66-83d6-d7e91f6f001b', 'size': None, u'openness_score': u'1', 'hash': u'', 'description': u'Link to Data4NR', 'format': u'HTML', 'mimetype_inner': None, u'openness_score_failure_count': 0, u'content_type': u'text/html', u'openness_score_reason': u'obtainable via web page', 'mimetype': None, 'cache_url': None, 'name': None, 'url': u'http://www.data4nr.net/resources/813/', 'webstore_url': None, 'last_modified': None, 'position': 0, 'resource_type': None}]","","2011-06-06T13:28:33.898023","2010-02-09T16:02:41.411769","<p>Notifiable offences recorded by the police: Common assault.  Data4NR reference.
</p>","000000: ","","1","","","","","","","","Home Office [11402]","","2011-06-06T14:25:04.821716","","","annual","no","DATA4NR-813","","Home Office","","http://www.data4nr.net/resources/813/","HTML","Link to Data4NR","","","","","","","","","","","","","","","","","","","","","2009","DATA4NR-data4nr-export-09-02-2010.csv","","2001","","","","","","","","","","","","","","","","","","","","","","","","","","","","","","","","","","","","","","","","","","","","","","","","","","","","","","","","","","","","","","","","","","","","","","","","","","","","","","","","","","","","","","","","","","","","","","","","","","","","","","","","","","","","","","","","","","","","","","","","","","","","","","","","","","","","","","","","","","","","","","","","","","","","","","","","","","","","","","","","","","","","","","","","","","","","","","","","","","","","","","","","","","","","","","","","","","","","","","","","","","","","","","","","","","","","","","","","","","","","","","","","","","","","","","","","","","","","","","","","","","","","","","","","","","","","","","","","","","","","","","","","","","","","","","","","","","","","","","","","","","","","","","","","","","","","","","","","","","","","","","","","","","","","","","","","","","","","","","","","","","","","","","","","","","","","","","","","","","","","","","","","","","","","","","","","","","","","","","","","","","","","","","","","","","","","","","","","","","","","","","","","","","","","","","","","","","","","","","","","","","","","","","","","","","","","","","","","","","","","","","","","","","","","","","","","","","","","","","","","","","","","","","","","","","","","","","","","","","","","","","","","","","","","","","","","","","","","","","","","","","","","","","","","","","","","","","","","","","","","","","","","","","",""
"e771612f-ba05-46d7-baa9-0b033d81d875","common-toad-population-dynamics","Common toad population dynamics","","","","","","","Annually, since 1979, a population of common toads (Bufo bufo) has been studied at a pond in south Dorset, UK. The total number of individuals has been counted each year (1979-present) and each has been given a mark to identify which years it was captured. Since 1993, all toads have also been given individual identification tags (Pit-tags). All captured toads have been sexed, weighed and the snout-vent length recorded. Links between climate change and changes in population size and mortality have been investigated. Total egg production each year has been estimated.","","active","02a2dc86-2723-4a18-85dc-ae76b02302db","","CEH Biodiversity programme CEH Project C03513 Task 1 Common toad Dorset Habitats and biotopes NERC_DDC Population distribution - demography Species distribution UK breeding success climate change kin avoidance mortality survivorship","","",0,"[{'mimetype': None, 'resource_group_id': u'0ff0f5c1-ec82-4389-b05e-4783aaeabbe4', 'hash': u'', 'description': u'This resource is available via the CEH Downloads Manager application.', 'format': u'Unverified', 'url': u'http://gateway.ceh.ac.uk/download?fileIdentifier=fe552e57-9300-4d31-adc4-e7fb33f93c42', u'resource_locator_protocol': u'', 'cache_url': None, 'webstore_url': None, 'cache_last_updated': None, 'package_id': u'e771612f-ba05-46d7-baa9-0b033d81d875', 'mimetype_inner': None, 'webstore_last_updated': None, 'last_modified': None, u'resource_locator_function': u'order', 'position': 0, 'size': None, 'id': u'e21b5e89-0910-4835-83a3-ba677e04b10b', 'resource_type': None, 'name': u'Data Download'}]","","2011-12-12T14:57:04.138466","2010-02-09T16:02:41.411769","<p>Annually, since 1979, a population of common toads (Bufo bufo) has been studied at a pond in south Dorset, UK. The total number of individuals has been counted each year (1979-present) and each has been given a mark to identify which years it was captured. Since 1993, all toads have also been given individual identification tags (Pit-tags). All captured toads have been sexed, weighed and the snout-vent length recorded. Links between climate change and changes in population size and mortality have been investigated. Total egg production each year has been estimated.
</p>","","","","[""1979-01-01""]","","","","","","",18487,"","","[""2009-09-14""]","","","","","","","","http://gateway.ceh.ac.uk/download?fileIdentifier=fe552e57-9300-4d31-adc4-e7fb33f93c42","Unverified","This resource is available via the CEH Downloads Manager application.","-1.78","dataset","51.25","","fe552e57-9300-4d31-adc4-e7fb33f93c42","50.45","27700","{""type"":""Polygon"",""coordinates"":[[[-1.78, 50.45],[-1.78, 51.25], [-2.93, 51.25], [-2.93, 50.45], [-1.78, 50.45]]]}","[""no limitations""]","jmbul@ceh.ac.uk","-2.93","2011-11-22","[{""type"": ""creation"", ""value"": ""2009-09-14""}]","annually","[]","bd0d69f8-86f8-4ff2-8e02-178ed087064e","Hails Section (resourceProvider); Centre for Ecology & Hydrology (pointOfContact, principalInvestigator)","True","[]","eng","","","","","","","","","","","","","","","","","","","","","","","","","","","","","","","","","","","","","","","","","","","","","","","","","","","","","","","","","","","","","","","","","","","","","","","","","","","","","","","","","","","","","","","","","","","","","","","","","","","","","","","","","","","","","","","","","","","","","","","","","","","","","","","","","","","","","","","","","","","","","","","","","","","","","","","","","","","","","","","","","","","","","","","","","","","","","","","","","","","","","","","","","","","","","","","","","","","","","","","","","","","","","","","","","","","","","","","","","","","","","","","","","","","","","","","","","","","","","","","","","","","","","","","","","","","","","","","","","","","","","","","","","","","","","","","","","","","","","","","","","","","","","","","","","","","","","","","","","","","","","","","","","","","","","","","","","","","","","","","","","","","","","","","","","","","","","","","","","","","","","","","","","","","","","","","","","","","","","","","","","","","","","","","","","","","","","","","","","","","","","","","","","","","","","","","","","","","","","","","","","","","","","","","","","","","","","","","","","","","","","","","","","","","","","","","","","","","","","","","","","","","","","","","","","","","","","","","","","","","","","","","","","","","","","","","","","","","","","","","","","","","","","","","","","","","","","","","","","","","","","","","","","","","","","","",""
"e861bebf-ccb8-4511-ba08-4b95b45e97d9","communal_establishment_residents_2001_census","Communal establishment residents  (2001 Census)","","http://www.data4nr.net/resources/64/","Neighbourhood Statistics","","","","Number of residents in communal establishments (defined as managed residential accommodation where there is full-time or part-time supervision of the accommodation)
